Group / Tier,Keyword,Avg monthly searches,Competition,CPC low USD,CPC high USD
TIER 1,experiential marketing,5000,Low,2.2,11.0
TIER 1,experiential marketing agency,5000,Medium,3.6,13.0
TIER 1,experiential agency,5000,Medium,3.6,13.0
TIER 1,experiential marketing companies,5000,Medium,3.6,13.0
TIER 1,experiential advertising agencies,5000,Medium,3.6,13.0
TIER 1,experiential marketing services,500,Low,6.3,11.4
TIER 1,experiential marketing activations,500,Low,2.4,9.3
TIER 1,experiential marketing events,500,Low,2.5,6.6
TIER 1,experiential events,500,Low,2.4,8.9
TIER 1,experiential event companies,500,Low,3.3,16.8
TIER 1,experiential events agency,500,Low,3.3,16.8
TIER 1,experiential advertising,500,Low,2.6,10.5
TIER 1,experiential marketing firms,500,Medium,4.7,13.1
TIER 1,experiential branding,500,Low,2.3,15.3
TIER 1,brand experience agencies,500,Low,3.6,12.1
TIER 1,top experiential marketing agencies,500,Medium,2.3,9.2
TIER 1,best experiential marketing agencies,500,Low,3.4,12.9
TIER 1,best experiential agencies,500,Low,3.4,12.9
TIER 1,experiential marketing strategy,500,Low,1.8,9.1
TIER 1,experiential marketing campaigns,500,Low,2.5,10.7
TIER 1,digital experiential,500,Low,4.2,23.3
TIER 1,experiential merchandising,500,Low,,
TIER 2,experiential brand activation,50,Low,2.6,12.9
TIER 2,experiential activation agency,50,Low,,
TIER 2,brand activation and experiential marketing,50,Low,,
TIER 2,experiential event activations,50,Low,,
TIER 2,event marketing activations,50,Low,,
TIER 2,best brand activation campaigns,50,Medium,,
TIER 3,experiential marketing technology,50,Low,,
TIER 3,experiential marketing platform,50,Low,,
TIER 3,vr trade show experience,50,Low,,
TIER 3,vr experiential marketing,50,Low,,
TIER 3,virtual experiential marketing,50,Low,,
TIER 3,augmented reality experiential marketing,50,Low,,
TIER 3,virtual reality showroom creation,,Unknown,,
TIER 3,immersive experience marketing,50,Medium,,
TIER 3,immersive experience marketing agency,50,Low,,
TIER 3,immersive experience marketing company,50,Low,,
TIER 3,immersive interactive experience,50,Low,,
TIER 3,immersive sensory experience,50,Low,,
TIER 4,b2b experiential marketing,50,Low,5.0,15.7
TIER 4,automotive experiential marketing,50,Medium,2.5,15.8
TIER 4,experiential marketing retail,50,Low,4.1,9.1
TIER 4,luxury experiential marketing,50,Low,,
TIER 4,luxury brand experiential marketing,50,Low,,
TIER 4,sports experiential marketing,50,Low,3.2,15.9
TIER 4,fashion experiential marketing,50,Low,1.9,3.5
TIER 4,interactive event marketing,50,Low,,
TIER 4,event marketing agency,500,Low,6.1,28.4
TIER 4,event marketing companies,500,Low,6.3,24.9
DEV-A core service,vr development company,500,Low,21.3,88.0
DEV-A core service,augmented reality app development,500,Low,6.4,39.1
DEV-A core service,ar app development,500,Low,6.4,39.1
DEV-A core service,vr app development,500,Low,,
DEV-A core service,ar app developers,500,Low,,
DEV-A core service,ar mobile app development,500,Low,6.4,39.1
DEV-A core service,virtual reality development companies,500,Low,21.3,88.0
DEV-A core service,virtual reality app development,500,Low,,
DEV-A core service,ar app development company,500,Low,5.4,61.3
DEV-A core service,augmented reality app development company,500,Low,5.4,61.3
DEV-A core service,augmented reality development company,500,Low,,
DEV-A core service,ar development companies,500,Low,,
DEV-A core service,ar application development,500,Low,6.4,39.1
DEV-A core service,augmented reality application development,500,Low,6.4,39.1
DEV-A core service,augmented reality app development services,500,Low,,
DEV-A core service,virtual reality development services,500,Low,,
DEV-A core service,vr development service,500,Low,,
DEV-A core service,agency vr,500,Low,3.7,114.5
DEV-B service,xr development company,50,Low,,
DEV-B service,extended reality development company,50,Low,,
DEV-B service,mixed reality app development,50,Low,,
DEV-B service,mixed reality app development company,50,Low,,
DEV-B service,mixed reality development companies,50,Low,,
DEV-B service,mixed reality development services,50,Low,,
DEV-B service,vr development studio,50,Low,,
DEV-B service,virtual reality development studio,50,Low,,
DEV-B service,top vr development companies,50,Low,,
DEV-B service,best vr development company,50,Low,,
DEV-B service,best vr developers,50,Low,,
DEV-B service,best virtual reality developers,50,Low,,
DEV-B service,ar vr app development company,50,Low,,
DEV-B service,ar vr app development services,50,Low,,
DEV-B service,ar vr development company,50,Low,,
DEV-B service,ar vr development services,50,Low,,
DEV-B service,ar & vr app development company,50,Low,,
DEV-B service,ar & vr app development services,50,Unknown,,
DEV-B service,ar & vr development company,50,Low,,
DEV-B service,ar & vr development services,50,Low,,
DEV-B service,ar vr software development,50,Low,,
DEV-B service,virtual reality software development companies,50,Low,,
DEV-B service,augmented reality software development company,50,Low,,
DEV-B service,ar software development services,50,Low,,
DEV-B service,custom ar application development,50,Low,,
DEV-B service,vr ar app developer,50,Unknown,,
DEV-B service,vr app development company,50,Low,,
DEV-B service,vr app company,50,Low,,
DEV-B service,virtual reality app development company,50,Low,,
DEV-B service,virtual reality app development services,50,Low,,
DEV-B service,virtual reality app companies,50,Low,,
DEV-B service,augmented reality app companies,50,Low,,
DEV-B service,top augmented reality app development company,50,Low,,
DEV-B service,top augmented reality development companies,50,Low,,
DEV-B service,top ar vr development company,50,Unknown,,
DEV-B service,augmented reality development agencies,50,Low,,
DEV-B service,augmented reality development services,50,Low,5.5,21.0
DEV-B service,ar development services,50,Low,5.5,21.0
DEV-B service,ar mobile development,50,Low,,
DEV-B service,mobile ar development,50,Low,,
DEV-B service,virtual reality mobile app development,50,Low,,
DEV-B service,vr software development services,50,Low,,
DEV-B service,vr app development services,50,Low,,
DEV-C configurator/install,3d configurator,500,Low,3.6,20.7
DEV-C configurator/install,3d product configurator,500,Low,6.9,29.7
DEV-C configurator/install,interactive 3d configurator,50,Low,,
DEV-C configurator/install,vr product configurator,50,Unknown,,
DEV-C configurator/install,interactive product configurator,50,Low,,
DEV-C configurator/install,ar product configurator,50,Low,,
DEV-C configurator/install,3d sales configurator,50,Low,,
DEV-C configurator/install,interactive sales configurator,50,Low,,
DEV-C configurator/install,interactive installation design,50,Low,,
DEV-C configurator/install,interactive installation art & design,50,Low,,
